time (seconds),accelerometer X (m/sec^2 highlighted),accelerometer Y (m/sec^2 highlighted),accelerometer Z (m/sec^2 highlighted)
0,-2.62,-7.93,-5.64
0.016,-1.55,-7.73,-3.81
0.034,-2.29,-7.81,-6.75
0.05,-3.1,-8.15,-6.65
0.067,-1.35,-8.31,-3.79
0.083,-2.72,-7.93,-6.46
0.1,-2.21,-7.66,-4.92
0.117,-2.21,-7.82,-6.02
0.134,-3.03,-7.73,-6.17
0.15,-0.99,-7.96,-4.18
0.167,-2.65,-7.73,-6.46
0.184,-1.62,-7.97,-3.94
0.2,-2.1,-8.2,-4.87
0.217,-3.26,-8.07,-6.43
0.234,-1.27,-8.4,-4.16
0.25,-2.45,-7.82,-5.93
0.267,-2.33,-7.7,-5.24
0.284,-2.2,-7.86,-5.76
0.299,-2.61,-7.92,-6.47
0.317,-0.93,-7.85,-4.91
0.334,-2.59,-7.48,-6.4
0.35,-2.73,-7.92,-5.84
0.367,-1.97,-8.4,-4.49
0.384,-2.95,-8.17,-6.61
0.4,-1.86,-7.52,-5.68
0.417,-2.84,-8.1,-5.49
0.434,-2.36,-7.71,-5.16
0.449,-1.34,-8.01,-4.19
0.467,-2.74,-7.83,-6.26
0.484,-0.94,-7.51,-5.18
0.5,-1.7,-8.61,-4.8
0.517,-2.79,-7.98,-5.69
0.534,-1.62,-8.34,-4.47
0.55,-3.06,-7.83,-5.63
0.567,-2.32,-7.77,-6.11
0.584,-2.59,-8.38,-5.48
0.6,-2.93,-7.58,-5.93
0.617,-1.11,-7.8,-4.47
0.634,-2.94,-7.93,-5.99
0.65,-2.75,-7.9,-6.47
0.667,-1.64,-8.36,-4.97
0.683,-2.41,-7.59,-6.04
0.7,-1.88,-7.64,-5.39
0.717,-2.32,-7.79,-5.82
0.734,-2.24,-7.44,-6.62
0.75,-0.65,-7.78,-5.36
0.767,-2.67,-7.72,-6.16
0.784,-1.02,-7.85,-4.72
0.8,-2.45,-8.31,-4.97
0.817,-2.95,-8.1,-6.42
0.834,-1.43,-8.55,-4.41
0.85,-3.29,-7.89,-5.1
0.867,-1.39,-7.43,-4.94
0.884,-3.15,-7.83,-5.35
0.9,-2.87,-8.08,-6.38
0.917,-0.4,-7.78,-5.42
0.934,-2.71,-7.59,-6.18
0.95,-1.98,-7.53,-5.98
0.967,-2.38,-8.35,-5.27
0.983,-2.94,-7.9,-6.22
1,-0.76,-7.4,-5.64
1.017,-3.18,-7.88,-5.72
1.034,-2.55,-7.72,-5.97
1.05,-1.7,-8.47,-4.74
1.067,-2.61,-7.94,-6.32
1.084,-1.61,-7.48,-6.15
1.1,-2.07,-8.67,-5.77
1.116,-2.03,-7.48,-5.77
1.134,-1.88,-7.61,-5.29
1.15,-3.42,-7.86,-4.54
1.167,-2.52,-7.53,-5.81
1.183,-2.54,-8.62,-5.29
1.2,-2.63,-7.73,-5.15
1.216,-2.8,-8.12,-4.7
1.234,-2.49,-8.08,-5.69
1.25,-2.23,-7.46,-5.13
1.267,-3.08,-8.52,-6.2
1.284,-3.05,-8.22,-5.41
1.3,-2.87,-8.81,-5.08
1.317,-2.44,-9.03,-6.01
1.334,-2.56,-8.98,-5.62
1.35,-2.36,-8.6,-5.87
1.367,-2.01,-7.68,-5.33
1.384,-1.76,-6.75,-5.53
1.4,-3.6,-7.47,-4.97
1.417,-1.9,-6.56,-4.76
1.433,-4.16,-7.72,-4.78
1.45,-3.13,-7.93,-5.14
1.467,-4.03,-8.62,-4.34
1.484,-1.78,-7.85,-5.05
1.5,-0.97,-6.86,-4.99
1.517,-3.05,-7.97,-4.14
1.534,-2.65,-7.66,-5
1.55,-2.08,-7.24,-5.22
1.567,-2.81,-7.95,-5.57
1.584,-2.78,-8.8,-6.32
1.6,-3.13,-9.91,-4.89
1.617,-0.85,-8.43,-7.05
1.634,-0.62,-8.03,-5.29
1.65,-2.59,-7.7,-5.74
1.666,-1.58,-7.14,-4.83
1.684,-4.45,-7.78,-3.09
1.7,-3.5,-7.99,-4.63
1.717,-4.27,-7.98,-3.01
1.733,-3.82,-7.81,-4.19
1.75,-2.1,-7.77,-5.47
1.767,-4.03,-8.72,-5.11
1.784,-1.9,-8.08,-7.22
1.8,-1.06,-7.64,-3.89
1.817,-3.14,-8.65,-6.42
1.834,-3.09,-8.49,-6.61
1.85,-1.36,-7.89,-2.78
1.867,-3.17,-8.81,-8.66
1.884,-1.43,-7.15,-2.89
1.9,-3.22,-8.02,-3.6
1.917,-1.99,-7.32,-9.55
1.933,-0.25,-8.75,-6.33
1.95,0.56,-8.71,-4.27
1.967,-0.82,-8.33,-5.6
1.984,-0.1,-7.88,-6.5
2,-2.64,-8.68,-10.61
2.017,-0.82,-6.7,-7.67
2.034,-2.43,-9.16,-7.3
2.05,0.38,-8.72,-11.54
2.067,0.78,-6.27,-7.22
2.083,-3.36,-8.6,-7.1
2.1,2.22,-7.97,-12.48
2.117,3.02,-7.64,-8.98
2.134,0.28,-8.95,-6.14
2.15,0.85,-7.52,-11.19
2.167,-0.09,-6.01,-9.15
2.184,-0.27,-7.19,-8.11
2.2,3.25,-7.7,-12.51
2.217,3.51,-6.47,-7.25
2.234,-1.86,-7.52,-5.83
2.25,0.71,-6.35,-12.28
2.267,2.31,-5.12,-9.93
2.284,0.78,-6.67,-5.72
2.3,3.61,-6.36,-12.98
2.317,4.21,-5.28,-6.81
2.333,-0.72,-7.46,-8.42
2.35,2.37,-6.09,-13.72
2.367,4.43,-4.64,-8.3
2.384,-0.29,-7.45,-6.72
2.4,3.37,-5.53,-13.48
2.417,3.27,-4.49,-7.38
2.434,0.28,-7.29,-9.2
2.45,4.17,-4.93,-10.68
2.466,1.39,-5.28,-3.97
2.484,2.19,-7.93,-13.26
2.5,4.75,-4.69,-9.14
2.517,-0.24,-6.99,-2.04
2.534,1.54,-7.31,-13.71
2.549,2.17,-4.19,-5.36
2.567,-3.06,-8.65,-2.89
2.584,3.58,-6.94,-13.52
2.6,0.28,-7.35,-3.01
2.617,-1.07,-9.49,-8.26
2.634,3.34,-5,-9.06
2.65,-2.55,-8.55,-5.57
2.667,-0.12,-8.64,-11.72
2.684,3.31,-5.16,-6.92
2.7,-1.3,-8.93,-7.94
2.717,2.27,-6.94,-12.7
2.734,1.15,-6.58,-3.81
2.75,0.99,-8.99,-12.96
2.767,2.46,-7.12,-12.85
2.784,-1.77,-7.4,-0.56
2.8,0.91,-7.49,-13.21
2.817,2.13,-5.49,-7.08
2.834,-2.4,-7.79,-6.36
2.85,0.91,-7.03,-11.28
2.867,1.87,-5.87,-4.62
2.884,-1.04,-7.95,-11.46
2.9,2.44,-5.75,-2.92
2.917,-2,-6.48,-2.79
2.933,1.31,-8.3,-14.28
2.949,3.14,-6.49,-5.71
2.967,-2.84,-7.94,-7.47
2.984,2.48,-7.73,-7.91
3,0.56,-5.93,-1.6
3.017,-0.52,-8.94,-11.45
3.033,3.04,-5.6,-2.76
3.05,-0.73,-7.38,-3.09
3.067,0.28,-8.52,-12.15
3.084,0.78,-6.33,-2.4
3.1,-4.31,-8.5,-7.44
3.117,2.63,-7.19,-8.2
3.134,-3.39,-8.32,-5.82
3.15,-1.01,-9.51,-12.08
3.167,2.29,-5.41,-0.84
3.184,-2.77,-9.23,-10.43
3.2,1.28,-8.38,-12.88
3.217,-1.99,-7.19,-2.39
3.234,1.07,-8.84,-13.72
3.25,2.44,-6.97,-8.85
3.267,-3.83,-8.56,-5.03
3.283,2.1,-7.5,-10.62
3.3,1.22,-5.61,-2.43
3.317,-2.59,-8.58,-9.04
3.334,3.36,-6.41,-5.33
3.35,-0.13,-6.63,-0.41
3.367,0.58,-9.47,-12.76
3.384,1.61,-5.67,-0.03
3.4,-4.32,-8.63,-3.67
3.417,1.56,-7.3,-13.17
3.434,-2.43,-6.64,0.19
3.45,-4.31,-8.71,-7.13
3.467,1.84,-7.06,-9.59
3.484,-5.44,-8.67,-3.51
3.5,-2.97,-10.21,-10.62
3.517,2.16,-6.21,-3.06
3.534,-3.92,-9.42,-7.54
3.55,1.03,-8.18,-12.67
3.567,0.41,-5.97,0.22
3.584,-0.28,-9.44,-11.36
3.6,1.61,-7.58,-11.97
3.617,-3.73,-8.52,-1.38
3.633,0.65,-8.05,-11.68
3.65,2.07,-5.48,-6.83
3.667,-5.45,-9.09,-4.77
3.684,1.9,-6.32,-11.85
3.7,2.28,-5.36,-3.26
3.717,-3.18,-9.63,-8.23
3.734,1.58,-6.12,-8.44
3.75,-1.78,-7.41,-0.41
3.767,-0.83,-9.2,-10.82
3.784,1.39,-5.86,-6.79
3.8,-3.09,-9.09,-0.77
3.817,1.15,-7.25,-9.92
3.833,1.89,-5.92,-7.67
3.85,-4.27,-9.9,-5.58
3.867,1.7,-6.05,-8.92
3.884,-4.38,-9.03,-2.27
3.9,-1.59,-8.31,-8.27
3.917,1.46,-5.16,-6.14
3.934,-3.34,-8.26,-2.7
3.95,1.16,-7.1,-10.19
3.967,-1.18,-8.15,-3.65
3.984,-4.78,-10.05,-4.01
4,2.22,-6.48,-8.31
4.017,-5.03,-9.37,-2.35
4.034,-2.66,-9.24,-8.64
4.05,1.19,-5.42,-7.58
4.067,-4.55,-10.01,-5.1
4.084,0.2,-8.03,-9.69
4.1,-0.19,-7.28,-2.23
4.117,-1.03,-8.44,-9.28
4.133,1.39,-6.28,-8.91
4.15,-4.23,-9.03,-0.92
4.167,1.24,-7.57,-9.96
4.184,2.24,-5.65,-8.24
4.2,-4.49,-9.21,-2.96
4.217,1.42,-6.01,-7.15
4.234,-0.25,-6.86,-4.74
4.25,-2.64,-9.15,-8.4
4.267,1.75,-6.48,-7.18
4.284,-2.25,-8.94,-4.98
4.3,0.94,-7.15,-8.17
4.317,-1.79,-7.42,-2.25
4.334,-4.59,-9.07,-4.88
4.35,0.6,-7.04,-7.9
4.367,-3.88,-9.71,-5.6
4.384,-0.45,-8.84,-9.93
4.4,1.78,-5.84,-2.1
4.417,-2.44,-9.25,-9.16
4.434,0.94,-7.13,-9.91
4.45,-4.04,-9.03,-1.37
4.467,0.6,-8.5,-11.2
4.484,0.9,-5.74,-8.39
4.5,-4.61,-9.8,-3.24
4.517,1.44,-5.21,-8.4
4.534,-0.23,-6.61,-0.73
4.55,-1.6,-9.21,-10.65
4.567,1.04,-6.32,-3.52
4.584,-4.2,-9.27,-1.35
4.6,1.63,-7.09,-10.96
4.617,-3.2,-7.38,-0.15
4.634,-4.86,-9.48,-6.98
4.65,1.03,-6.04,-6.84
4.667,-5.18,-9.62,-5.52
4.684,-0.61,-8.88,-11.83
4.7,1.91,-6.12,1.1
4.717,-2.98,-9.61,-9.87
4.733,1.16,-7.07,-10.21
4.75,-4.43,-9.01,-2.65
4.767,-0.07,-8.64,-12.47
4.784,1.89,-6.62,-4.63
4.8,-5.43,-9.85,-6.55
4.817,2.37,-5.93,-6.2
4.834,0.12,-6.05,-0.07
4.85,-2.07,-9.01,-10.58
4.867,1.91,-6.67,-7.82
4.884,-5.51,-8.75,-3.58
4.9,0.77,-8.11,-10.14
4.917,2.57,-5.83,-2.67
4.934,-5.23,-10.11,-7.23
4.95,3.17,-6.35,-4.67
4.967,-1.02,-7.95,-2.53
4.984,-1.11,-9.81,-10.1
5,1.23,-5.87,-0.69
5.017,-4.3,-8.09,-2.92
5.034,0.12,-7.01,-9.88
5.049,-2.86,-8.28,-1.39
5.066,-4.15,-9.83,-7.14
5.083,0.74,-7.15,-7.52
5.1,-4.05,-8.76,-3.98
5.117,-2.32,-9.13,-9.33
5.134,0.72,-6.91,-2.24
5.15,-2.6,-9.89,-9.17
5.167,0.13,-8.31,-10.18
5.184,-2.57,-7.66,-1.68
5.2,-1.15,-7.3,-8.71
5.217,0.4,-5.92,-6.08
5.234,-4.12,-9.52,-6.02
5.25,0.11,-7.28,-8.07
5.267,0.55,-6.9,-1.11
5.284,-2.62,-9.56,-8.11
5.3,1.17,-6.83,-4.37
5.317,-1.9,-8.49,-3.57
5.334,0.19,-8.03,-9.24
5.35,-2.64,-8.54,-2.74
5.367,-3.16,-9.66,-7.06
5.383,0.31,-5.85,-7.33
5.4,-4.14,-8.91,-3.47
5.417,-2.8,-9.02,-7.66
5.434,0.05,-7.05,-4.04
5.45,-3.31,-10.14,-7.12
5.467,-0.12,-8.13,-7.9
5.484,-1.24,-8.46,-2.71
5.5,-0.09,-7.31,-8.54
5.517,1.61,-6.19,-4.43
5.534,-3.09,-9.6,-7.03
5.551,0.41,-6.22,-7.1
5.567,-0.57,-6.62,-4.3
5.584,-2.81,-8.52,-6.82
5.6,-0.14,-7.19,-4.35
5.617,-3.45,-9.89,-3.97
5.634,0.03,-8.01,-7
5.65,-1.9,-8.97,-3.56
5.667,-2.72,-9.58,-7.74
5.683,1.61,-5.86,-5.14
5.7,-3.92,-9.64,-6.85
5.717,-1.93,-8,-8.13
5.734,-0.11,-6.18,-5.39
5.75,-5.19,-9.65,-5.58
5.767,-0.95,-7.17,-6.08
5.784,-2.94,-9.8,-5.65
5.8,-0.23,-7.87,-6.23
5.817,2.6,-6.12,-2.87
5.834,-3.09,-9.69,-8.05
5.85,-0.84,-7.35,-7.8
5.867,-1.46,-7.48,-3
5.884,-2.76,-8.81,-7.66
5.9,1.12,-6.47,-6.92
5.917,-3.88,-9.68,-5.94
5.934,0.41,-6.56,-5.43
5.95,0.63,-6.77,-2.13
5.967,-3.18,-9.59,-7.74
5.983,1,-6.89,-2.99
6,-2.87,-9.79,-4.96
6.017,0.73,-7.25,-7.28
6.034,-3.08,-9.17,-4.06
6.05,-3.12,-9.79,-8.09
6.066,0.7,-5.47,-4.7
6.083,-4.39,-9.57,-5.72
6.1,-1.51,-7.87,-8.31
6.117,-1.65,-7.35,-1.87
6.134,-1.62,-9.39,-8.28
6.15,1.64,-7.31,-4.69
6.167,-2.68,-10.11,-6.58
6.184,1.95,-7.42,-5.14
6.2,-1.02,-6.83,-3.18
6.217,-2.69,-8.97,-8.14
6.234,-0.29,-5.97,-3.3
6.25,-4.39,-8.26,-3.49
6.267,-0.77,-7.61,-6.45
6.284,-3.21,-8.61,-3.35
6.3,-3.69,-10.75,-6.96
6.317,2.17,-7.46,-4.69
6.334,-2.78,-9.48,-6.15
6.349,-0.85,-8.64,-6.62
6.367,-2.77,-7.79,-3.63
6.384,-2.74,-8.7,-9.23
6.4,0.95,-6.39,-5.71
6.417,-3.78,-8.61,-4.71
6.433,1,-7.26,-5.3
6.45,-0.86,-7.7,-3.86
6.467,-1.85,-9.54,-7.36
6.484,0.03,-7.09,-5.17
6.5,-2.77,-8.93,-4.4
6.517,1.27,-7.91,-6.44
6.534,-3.75,-9.64,-4.62
6.55,-2.33,-9.72,-7.05
6.567,-1.33,-6.67,-4.3
6.584,-3.5,-9.25,-5.43
6.6,-0.47,-6.97,-5.44
6.617,-3.95,-8.16,-4.53
6.634,0.24,-7.53,-6.22
6.65,-0.59,-6.45,-3.96
6.667,-4.27,-9.87,-6.14
6.684,0.32,-8.57,-5.93
6.7,-2.36,-8.67,-4.55
6.717,-0.08,-8.36,-6.44
6.734,-2.41,-7.75,-3.8
6.75,-5.54,-8.19,-4.47
6.767,-3.14,-9.07,-5.5
6.784,-4.84,-8.79,-3.95
6.8,-1.23,-7.54,-4.55
6.817,-1.67,-7.46,-4.25
6.834,-2.54,-8.04,-4.6
6.85,-1.82,-7.98,-4.36
6.867,-2.74,-7.66,-2.76
6.884,-3.76,-8,-2.93
6.9,-2.85,-8.08,-4.08
6.917,-3.67,-8.07,-3.67
6.934,-3.04,-7.59,-4.7
6.95,-2.55,-7.23,-4.41
6.967,-3.72,-8.04,-4.17
6.984,-2.25,-7.83,-4.44
7,-2.79,-7.89,-4.22
7.017,-4.49,-8.32,-4.4
7.034,-2.85,-7.95,-4.1
7.05,-4.13,-7.91,-3.47
7.067,-4.61,-8.53,-3.3
7.083,-3.2,-8.54,-3.31
7.099,-3.94,-8.69,-4.13
7.117,-3.18,-8.21,-4.18
7.134,-3.54,-8.18,-4.81
7.15,-3.23,-8.56,-4.79
7.167,-2.68,-9.48,-4.44
7.184,-2.91,-9.26,-4.3
7.2,-2.78,-8.83,-5.31
7.217,-3.67,-8.13,-5.7
7.234,-4.27,-8.6,-5.38
7.25,-3.98,-9.03,-3.47
7.267,-3.59,-7.98,-3.2
7.284,-2.77,-7.32,-3.74
7.3,-2.29,-7.74,-4.17
7.317,-2.96,-8.76,-4.16
7.333,-2.24,-8.14,-4.46
7.35,-3.01,-8.49,-4.2
7.367,-3.44,-8.63,-4.89
7.384,-3.02,-8.48,-4.86
7.4,-3.25,-8.83,-4.53
7.417,-3.6,-8.54,-4.68
7.434,-3.74,-8.41,-4.74
7.45,-3.67,-7.99,-4.19
7.467,-2.56,-7.85,-3.77
7.484,-2.34,-7.97,-3.94
7.5,-2.56,-8.41,-4.23
7.517,-3.45,-7.91,-4.71
7.534,-3.76,-8.21,-3.92
7.55,-4.29,-8.32,-2.7
7.567,-4.46,-9.37,-3.98
7.584,-4.77,-9.12,-3.77
7.6,-4.43,-9.38,-3.38
7.616,-4.04,-8.15,-3.88
7.634,-3.39,-7.87,-1.94
7.65,-4.07,-8.48,-3.33
7.667,-4.44,-9.04,-3.93
7.684,-5.04,-9.35,-2.78
7.7,-5.45,-9.52,-2.75
7.717,-6.29,-8.7,-2.04
7.734,-5.31,-9.4,-2.76
7.75,-6.22,-9.45,-3.34
7.767,-5.43,-9.49,-2.55
7.784,-4.69,-8.18,-1.91
7.8,-6.06,-8.16,-1.61
7.817,-3.69,-8.52,-2.49
7.834,-4.82,-9.41,-3.72
7.85,-5.53,-9.29,-2.59
7.867,-5.88,-9.47,-2.56
7.884,-6.96,-8.78,-1.56
7.904,-5.77,-9.17,-2.35
7.923,-5.77,-9.73,-2.45
7.939,-5.89,-8.99,-1.77
7.955,-4.43,-8.96,-2.16
7.972,-5.06,-8.25,-1.67
7.989,-4.75,-7.73,-1.72
8.006,-5.03,-8.9,-2.86
8.022,-5.2,-8.8,-3.2
8.039,-5.97,-8.89,-2.33
8.055,-6.85,-8.85,-1.5
8.073,-5.7,-8.91,-1.4
8.089,-6.22,-8.75,-1.51
8.105,-6.33,-8.75,-0.51
8.123,-6.83,-9.46,-0.83
8.14,-5.83,-9.33,-2.09
8.155,-4.83,-8.61,-1.58
8.172,-5.5,-8.78,-1.74
8.189,-4.63,-8.77,-2.98
8.206,-5.57,-9.47,-2.98
8.222,-5.37,-8.91,-2.9
8.239,-5.53,-9.15,-2.14
8.256,-6.01,-8.84,-1.94
8.272,-5.71,-9.02,-1.92
8.289,-7.19,-8.51,-0.98
8.306,-5.67,-8.79,-1.74
8.322,-6.25,-8.91,-1.42
8.339,-5.71,-8.77,-1.69
8.355,-5.68,-9.22,-2.25
8.372,-5.65,-8.48,-2.29
8.388,-5.35,-9,-3.42
8.405,-4.22,-8.49,-3.38
8.422,-4.24,-8.37,-2.88
8.438,-4.64,-9.06,-2.74
8.456,-5.55,-8.92,-4.02
8.472,-4.88,-9.08,-4.43
8.489,-4.83,-8.23,-2.57
8.506,-4.05,-8.6,-3.7
8.522,-3.61,-7.75,-3.05
8.539,-3.98,-7.76,-3.72
8.555,-4.56,-7.83,-3.26
8.571,-4.13,-8.6,-5.31
8.588,-3.72,-8.52,-4.87
8.605,-3.51,-8.39,-5.05
8.621,-2.54,-7.95,-4.77
8.638,-2.9,-7.41,-4.17
8.655,-2.98,-7.74,-4.35
8.672,-2.52,-7.62,-5.46
8.688,-3.45,-7.98,-5.45
8.705,-2.97,-7,-5
8.722,-4.16,-7,-4.18
8.738,-3.5,-6.91,-3.82
8.755,-4.38,-7.61,-4.39
8.771,-3.45,-7.35,-4.28
8.788,-4.37,-6.83,-4.76
8.805,-4.46,-7.28,-4.68
8.822,-4.46,-7.67,-5.13
8.838,-4.56,-8.66,-4.67
8.855,-4.66,-8.37,-5.03
8.872,-4.01,-8.16,-5
8.888,-3.02,-6.7,-5.11
8.905,-3.26,-7.17,-5.35
8.922,-3.63,-6.8,-5.16
8.938,-4.6,-7.81,-4.92
8.954,-4.57,-7.18,-4.34
8.971,-5.73,-7.35,-4.11
8.988,-6.73,-7.53,-4.31
9.006,-6.74,-8.1,-4.39
9.022,-6.43,-8.03,-3.36
9.038,-6.04,-7.5,-3.28
9.055,-6.24,-7.92,-3.5
9.071,-6.53,-7.69,-4.69
9.087,-7.33,-7.36,-4.81
9.104,-7.44,-6.99,-4.45
9.12,-8.36,-7.55,-4.02
9.139,-7.55,-6.76,-4.12
9.154,-7.85,-7.07,-4.1
9.171,-7.58,-6.47,-4.04
9.187,-7.49,-6.76,-3.67
9.205,-7.12,-6.42,-3.76
9.221,-7.8,-6.75,-3.6
9.237,-7.22,-6.64,-3.98
9.254,-7.25,-6.97,-4.25
9.271,-6.73,-6.5,-5.01
9.288,-6.66,-6.3,-5.3
9.304,-6.35,-6.69,-5.03
9.321,-6.17,-6.02,-4.83
9.337,-6.64,-6.92,-4.21
9.354,-6.45,-6.99,-4.17
9.371,-5.41,-6.95,-5.07
9.388,-5.24,-6.2,-6.47
9.405,-5.39,-6.77,-6.75
9.421,-5.2,-6.13,-5.96
9.437,-5.21,-6.63,-4.98
9.454,-5.03,-5.57,-5.38
9.471,-5.32,-6.22,-5.82
9.487,-5.15,-7.17,-5.51
9.504,-4.9,-7.43,-5.09
9.521,-4.79,-6.24,-5.19
9.537,-5.05,-7.13,-4.86
9.554,-4.69,-6.27,-5.24
9.57,-5.32,-6.87,-5.44
9.588,-5.36,-6.87,-5.56
9.604,-5.14,-6.51,-5.19
9.62,-5.25,-6.74,-4.93
9.637,-5.91,-7.9,-4.27
9.654,-5.82,-7.82,-4.01
9.671,-4.87,-7.77,-3.45
9.688,-4.61,-6.98,-3.54
9.704,-4.58,-7.12,-4.45
9.721,-5.25,-6.63,-5.52
9.737,-4.8,-6.66,-5.44
9.755,-6.07,-7.1,-5.74
9.77,-5.48,-7.85,-4.94
9.787,-5.52,-7.41,-4.89
9.804,-4.69,-7.25,-4.85
9.82,-5.49,-6.72,-5.56
9.837,-5.51,-6.56,-4.85
9.854,-6.02,-6.91,-4.41
9.871,-6.78,-7.08,-4.27
9.887,-6.83,-6.5,-4.79
9.904,-6.77,-6.5,-5.06
9.92,-5.05,-5.6,-5.23
9.938,-5.34,-6.64,-4.62
9.954,-5.39,-6.1,-5.03
9.97,-5.32,-7.64,-3.99
9.987,-6.38,-7.76,-4.44
10.004,-5.05,-7.14,-4.72
10.02,-5.47,-6.38,-4.61
10.037,-4.83,-6.18,-3.86
10.054,-6.01,-5.55,-4.03
10.07,-5.7,-6.24,-3.82
10.087,-7.09,-7.4,-4.61
10.103,-4.89,-8.06,-5.26
10.12,-6.96,-7.34,-6.25
10.137,-5.87,-6.74,-5.32
10.153,-7.07,-5.97,-3.71
10.171,-7.09,-6.31,-2.82
10.186,-7.78,-7.3,-3.23
10.204,-6.35,-6.85,-4.96
10.219,-6.33,-6.93,-7.17
10.236,-5.33,-6.45,-7.73
10.255,-4.29,-6.41,-5.73
10.268,-5.98,-6.44,-3.74
10.285,-6.27,-7.14,-3.29
10.302,-6.55,-7.4,-3.69
10.319,-6,-7.21,-4.93
10.336,-5.08,-6.19,-5.77
10.353,-4.25,-7.23,-5.91
10.37,-4.23,-7.87,-5.87
10.386,-3.81,-7.2,-5.87
10.403,-5.34,-7.36,-5.26
10.419,-5.39,-7.64,-3.72
10.437,-5.8,-7.21,-4.09
10.453,-5.3,-6.67,-4.81
10.47,-6.12,-7.99,-5.6
10.486,-5.51,-7.6,-6.7
10.503,-5.25,-6.92,-6.09
10.52,-5.13,-6.37,-5.31
10.537,-6.56,-7.36,-5.35
10.553,-5.4,-6.71,-4.72
10.57,-5.72,-6.81,-4.34
10.586,-4.97,-6.76,-4.35
10.603,-5.46,-7.88,-4.8
10.619,-4.29,-7.42,-5.95
10.637,-5.2,-7.29,-5.21
10.653,-5.02,-6.77,-4.1
10.67,-6.46,-6.63,-4.02
10.686,-7.35,-6.39,-2.32
10.702,-6.72,-7.55,-3.73
10.719,-4.78,-6.73,-4.48
10.736,-5.67,-8.08,-5.81
10.752,-6.08,-7.12,-5.69
10.77,-5.9,-6.76,-5.21
10.786,-3.4,-6.32,-5.62
10.802,-4.45,-7.44,-5.89
10.819,-5.08,-7.69,-5.52
10.836,-5.25,-7.34,-5.07
10.853,-3.96,-5.74,-5.36
10.869,-5.9,-6.85,-4.31
10.886,-6.18,-7.26,-4.68
10.903,-4.98,-6.91,-3.32
10.919,-4.95,-6.63,-4.26
10.936,-4.44,-6.18,-5.09
10.952,-4.66,-7.25,-4.88
10.97,-4.04,-7.42,-4.7
10.986,-4.87,-7.8,-5.56
11.002,-3.9,-7.71,-5.53
11.019,-4.56,-7.62,-5.54
11.036,-4.19,-6.83,-6.03
11.052,-5.83,-6.67,-4.34
11.069,-5.86,-6.7,-5.25
11.086,-5.04,-7.22,-4.28
11.102,-5.45,-7.56,-5.81
11.119,-5.73,-7.33,-4.97
11.136,-6.35,-7.4,-5.09
11.151,-5.28,-6.95,-4.47
11.168,-4.99,-7.1,-4.73
11.186,-5.57,-6.6,-4.16
11.202,-5.51,-7.34,-5.02
11.219,-4.2,-6.87,-5.62
11.236,-4.48,-7.5,-5.66
11.252,-4.33,-7.54,-6.71
11.269,-3.74,-7.78,-5.59
11.285,-5.19,-7.92,-5.32
11.302,-4.63,-6.8,-3.88
11.318,-4.73,-6.81,-4.18
11.336,-3.38,-6.45,-5.1
11.352,-4.96,-7.25,-5.59
11.369,-3.86,-6.92,-5.04
11.385,-4.65,-7.36,-5.6
11.402,-2.59,-7.03,-5.7
11.419,-5.08,-7.92,-4.81
11.435,-3.43,-7.23,-5.53
11.452,-4.17,-7.17,-4.07
11.469,-6.17,-7.98,-5.7
11.485,-4.24,-7.45,-5.72
11.502,-4.01,-7.01,-5.85
11.519,-3.81,-7.41,-5.64
11.535,-4.84,-8,-6.08
11.552,-4.95,-7.28,-5.27
11.568,-4.87,-7.37,-5.59
11.585,-4.07,-7.48,-3.94
11.602,-5.55,-7.79,-6.25
11.619,-2.7,-6.5,-6.05
11.635,-4.3,-7.29,-5.03
11.652,-3.37,-6.46,-5.67
11.669,-3.85,-7,-5.53
11.685,-2.77,-7.27,-5.98
11.702,-4.95,-7.45,-5.68
11.718,-3.18,-7.06,-5.67
11.735,-4.09,-6.85,-5.82
11.751,-4.67,-7.14,-5.71
11.768,-5.38,-7.09,-5.09
11.784,-2.94,-5.98,-5.03
11.801,-5.55,-7.28,-4.56
11.817,-4.68,-6.66,-6.48
11.835,-3.78,-6.5,-5.81
11.851,-4.65,-7.85,-5.7
11.868,-3.84,-7.48,-5.6
11.884,-4.06,-7.01,-5.67
11.901,-4.76,-7.83,-5.75
11.918,-4.43,-7.64,-5.49
11.934,-3.95,-7.57,-5.01
11.951,-4.26,-7.63,-5.34
11.967,-3.39,-7.69,-6.57
11.984,-4.56,-7.95,-6.39
12.001,-4.18,-7.05,-5.9
12.017,-3.68,-7.71,-4.76
12.034,-4.79,-7.44,-3.8
12.05,-3.41,-6.82,-5.89
12.067,-3.97,-6.78,-5.31
12.084,-4.53,-7.62,-5.49
12.1,-4.46,-6.95,-7.07
12.117,-4,-6.61,-4.81
12.134,-3.99,-7.34,-4.17
12.151,-3.54,-6.82,-6.46
12.167,-4.28,-6.82,-6.18
12.184,-3.9,-7.44,-5.44
12.2,-3.78,-6.73,-6.23
12.217,-3.08,-6.46,-5.35
12.234,-4.23,-7.17,-6.24
12.25,-4.83,-7.01,-4.47
12.267,-4.41,-6.82,-5.71
12.284,-4.14,-7.26,-5.26
12.301,-5.41,-7.43,-5.37
12.317,-5.27,-6.84,-5.46
12.334,-4.49,-6.33,-5.66
12.35,-4.62,-6.59,-3.74
12.367,-5.53,-6.96,-6.27
12.384,-3.58,-6.32,-4.98
12.4,-5.32,-7.29,-5.51
12.417,-2.93,-6.63,-5.52
12.435,-5.57,-7.8,-6.16
12.451,-4.29,-7.4,-6.49
12.468,-3.55,-7.16,-5.35
12.483,-4.65,-7.08,-4.52
12.5,-4.27,-7.47,-4.35
12.517,-4.53,-6.39,-5.5
12.534,-4.61,-7.3,-5.73
12.55,-4.72,-6.98,-5.58
12.567,-4.19,-7.89,-5.28
12.584,-5.74,-7.98,-6.39
12.6,-3.63,-6.81,-7
12.617,-4.45,-6.77,-5.33
12.634,-4.04,-6.82,-4.51
12.65,-5.82,-6.94,-5.17
12.667,-4,-6.5,-5.85
12.684,-4.74,-7.84,-5.55
12.7,-2.91,-6.86,-4.22
12.717,-4.4,-6.89,-6.3
12.734,-3.37,-7.11,-6.91
12.75,-3.21,-7.45,-6.44
12.767,-3.24,-7.44,-5.49
12.784,-4.26,-6.94,-6.53
12.801,-2.82,-6.81,-7.11
12.817,-2.82,-7.36,-5.63
12.834,-3.2,-7.08,-5.38
12.85,-2.31,-7.05,-7.49
12.867,-3.64,-7.21,-6.59
12.884,-2.95,-6.48,-5.89
12.9,-3.99,-6.87,-5.75
12.917,-4.27,-6.53,-7.22
12.934,-3.35,-6.7,-6.61
12.95,-3.75,-6.9,-5.04
12.967,-3.64,-6.88,-7.47
12.984,-2.98,-5.83,-7.76
13,-2.98,-5.86,-5.73
13.017,-4.8,-6.64,-5.93
13.034,-3.51,-7.14,-7.61
13.05,-3.65,-7.18,-6.32
13.067,-3.41,-7.11,-5.2
13.084,-4.68,-8.09,-6.39
13.1,-3.39,-7.08,-7.66
13.117,-3.76,-7.27,-5.58
13.134,-3.41,-6.32,-5.68
13.15,-5.44,-7.4,-6.96
13.167,-3.94,-6.55,-6.97
13.184,-3.56,-6.47,-5.55
13.2,-4.3,-6.83,-4.71
13.217,-3.54,-5.79,-6.29
13.234,-3.1,-6.36,-6.01
13.25,-3.3,-6.58,-4.9
13.267,-4.14,-7.07,-6.67
13.284,-3.5,-6.3,-7.58
13.3,-2.65,-6.51,-6.2
13.317,-3.5,-7.45,-5.39
13.333,-2.55,-7.3,-6.73
13.35,-4.04,-7,-6.54
13.367,-3.67,-6.68,-5.65
13.383,-4.8,-6.94,-6.41
13.4,-3.97,-6.05,-7.53
13.416,-3.31,-6.46,-6.95
13.433,-3.72,-6.33,-5.31
13.45,-3.27,-6.4,-6.34
13.467,-3.81,-6.17,-6.57
13.483,-3.4,-6.2,-5.47
13.5,-5.04,-6.76,-5.59
13.517,-4.34,-7.08,-6.41
13.534,-4.42,-7.27,-6.81
13.55,-3.83,-6.89,-6.84
13.566,-4.37,-7.03,-7.28
13.583,-4.38,-6.57,-7.21
13.599,-3.26,-6.18,-5.42
13.616,-4.43,-6.54,-5.15
13.633,-4.17,-6.6,-6.73
13.649,-3.93,-6.55,-6.43
13.666,-3.16,-6.48,-5.92
13.684,-4.33,-6.79,-6.02
13.699,-4.14,-6.51,-6.44
13.716,-3.58,-6.58,-5.84
13.733,-3.66,-6.51,-4.81
13.749,-3.27,-6.75,-6.24
13.766,-3.53,-6.47,-6.67
13.783,-3.67,-6.55,-6.07
13.8,-4.29,-6.77,-6.86
13.817,-4.23,-6.94,-7.57
13.834,-4,-7.19,-6.76
13.85,-4.57,-7.19,-6.2
13.867,-4.75,-7.14,-6.52
13.884,-4.24,-6.59,-7.31
13.9,-4.26,-5.98,-6.09
13.917,-4.26,-6.68,-6.41
13.934,-4.66,-6.26,-7.3
13.95,-3.79,-5.87,-5.93
13.967,-4.21,-5.83,-5.56
13.984,-3.43,-6.1,-6.4
14,-3.43,-6.16,-6.83
14.017,-3.53,-6.52,-5.76
14.034,-4.82,-6.82,-5.77
14.05,-4.74,-6.32,-6.88
14.067,-4.12,-6.62,-6.68
14.084,-3.77,-6.45,-5.53
14.1,-4.51,-7.19,-7.15
14.117,-4.47,-6.92,-7.35
14.134,-3.66,-6.65,-5.74
14.15,-5.01,-7.03,-5.72
14.167,-4.78,-6.87,-6.77
14.184,-4.12,-6.62,-6.33
14.2,-4.13,-6.82,-4.96
14.217,-4.41,-6.64,-5.76
14.234,-3.98,-6.13,-6.98
14.25,-3.72,-6.65,-5.74
14.267,-3.33,-6.34,-5.56
14.284,-4.21,-6.82,-7.39
14.3,-3.8,-6.74,-6.26
14.317,-4.07,-6.43,-5.14
14.334,-5.4,-6.92,-6.39
14.35,-3.35,-5.99,-7.95
14.367,-3.71,-6.89,-7.13
14.384,-3.6,-6.74,-5.47
14.4,-4.6,-6.6,-6.57
14.417,-4.54,-6.2,-6.71
14.433,-3.65,-5.92,-5.33
14.45,-4.26,-6.37,-5.31
14.467,-4.03,-6.17,-7
14.484,-4.07,-6.02,-5.59
14.5,-3.97,-7.01,-5.07
14.517,-4.88,-6.68,-6.31
14.534,-3.5,-6.1,-6.68
14.55,-4.19,-6.41,-5.57
14.567,-3.95,-6.74,-5.81
14.584,-4.16,-7.22,-7.07
14.6,-4.54,-6.79,-6.79
14.617,-3.73,-5.95,-6.07
14.633,-5.44,-6.51,-5.95
14.65,-5.27,-6.61,-6.34
14.667,-5.34,-6.55,-5.6
14.683,-5.38,-7.01,-6.08
14.7,-5.12,-6.29,-6.91
14.717,-5.04,-6.46,-6.98
14.734,-3.37,-5.94,-6.13
14.75,-3.95,-6.06,-5.91
14.767,-4.11,-5.66,-6.52
14.784,-3.72,-5.84,-5.73
14.8,-3.88,-6.39,-5.4
14.817,-4.44,-6.25,-6.43
14.834,-4.25,-5.79,-6.53
14.85,-4.13,-5.64,-5.77
14.866,-4.6,-5.87,-5.83
14.884,-5.13,-6.38,-7.05
14.9,-4.2,-6.26,-7.37
14.917,-3.6,-6.52,-6.26
14.934,-3.88,-6.48,-7.45
14.95,-3.96,-6.07,-7.36
14.967,-3.74,-6.3,-5.72
14.984,-5.53,-6.27,-6.02
15,-4.78,-6.65,-6.75
15.017,-4.41,-6.56,-6.95
15.034,-4.07,-6.23,-6.06
15.05,-4.6,-6,-6.21
15.067,-4.61,-5.9,-6.01
15.084,-4.52,-6.83,-5.28
15.1,-5.39,-6.69,-5.83
15.117,-4.78,-6.53,-8.1
15.134,-4.65,-6.75,-7.95
15.15,-4.28,-6.7,-6.78
15.167,-4.6,-6.46,-6.1
15.184,-4.51,-5.76,-6.66
15.2,-4.64,-6.44,-6.29
15.217,-4.77,-5.89,-6.55
15.234,-4.09,-5.68,-7.06
15.25,-4.18,-5.64,-6.86
15.267,-4.05,-5.37,-6.07
15.284,-4.33,-5.88,-6.25
15.3,-4.99,-5.93,-6.53
15.317,-4.01,-5.56,-6.47
15.334,-4.96,-5.9,-6.31
15.35,-4.13,-6.11,-7
15.367,-4.11,-5.86,-7.43
15.384,-3.6,-6,-6.96
15.4,-5.01,-6,-6.84
15.417,-4.35,-5.45,-7.04
15.434,-4.18,-6.1,-6.06
15.45,-4.32,-6.58,-6.02
15.467,-4.66,-6.15,-7.35
15.484,-4.54,-6.32,-6.88
15.5,-5.03,-6.85,-5.45
15.517,-5.37,-6.22,-7.13
15.534,-5,-6.35,-7.34
15.55,-5.49,-6.1,-6.49
15.567,-4.77,-6.32,-6.96
15.584,-5.02,-6.11,-7.27
15.6,-4.74,-5.55,-7.49
15.617,-4.12,-5.59,-7.06
15.634,-4.94,-5.88,-6.75
15.65,-4.3,-6.17,-6.34
15.667,-3.64,-6.05,-6.82
15.683,-3.66,-6.02,-6.58
15.7,-3.15,-5.94,-6.39
15.717,-4.34,-5.21,-6.08
15.734,-3.52,-5.28,-5.41
15.75,-5.06,-5.25,-6.37
15.767,-4.18,-5.23,-7.53
15.784,-4.45,-5.55,-7.02
15.8,-4.29,-5.91,-6.59
15.817,-4.38,-6.11,-6.96
15.834,-4.62,-5.97,-6.81
15.85,-4.22,-6.28,-6.15
15.867,-4.81,-6.38,-7.82
15.884,-4.6,-6.75,-8.1
15.9,-4.2,-6.27,-7.84
15.917,-5.11,-5.9,-7.21
15.933,-4.85,-6.16,-7.13
15.95,-5.36,-6.34,-6.31
15.967,-5.07,-5.83,-6.53
15.984,-5.6,-5.89,-6.93
16,-4.1,-5.06,-7.49
16.017,-4.26,-5.42,-6.32
16.034,-3.79,-5.68,-5.78
16.05,-5.45,-6.49,-5.74
16.067,-4.21,-5.79,-7.09
16.084,-3.36,-6.08,-7.12
16.1,-4.49,-5.27,-6.67
16.117,-4.02,-5.07,-6.37
16.133,-4.9,-5.93,-6.04
16.15,-5.09,-6.48,-6.92
16.167,-4.34,-6.42,-8.07
16.184,-4.35,-5.9,-7.75
16.2,-4.28,-5.83,-6.5
16.217,-4.73,-5.84,-6.66
16.234,-4.45,-5.26,-6.8
16.25,-4.96,-6.31,-6.52
16.267,-4.89,-6.04,-6.7
16.284,-4.39,-6.93,-7.14
16.3,-3.89,-5.72,-7.22
16.317,-4.75,-6.27,-5.9
16.334,-4.83,-5.49,-6.32
16.35,-4.75,-5.35,-7.19
16.366,-4.58,-5.86,-6.79
16.384,-4.61,-5.78,-6.94
16.4,-3.93,-5.42,-8.01
16.417,-3.28,-5.12,-6.96
16.434,-4.12,-6.12,-4.52
16.45,-4.12,-6.25,-7.92
16.467,-4.48,-6.21,-7.36
16.484,-4.46,-6.39,-6.8
16.5,-4.42,-5.8,-6.96
16.517,-4.79,-6.7,-7.47
16.534,-4.2,-5.43,-7.13
16.55,-5.22,-5.9,-6.01
16.567,-3.93,-5.58,-7.49
16.584,-4.28,-5.62,-7.02
16.6,-4.54,-6.49,-5.31
16.617,-4.34,-6.04,-6.42
16.634,-4.21,-6.28,-6.75
16.65,-4.11,-6.61,-6.36
16.667,-4.88,-6.96,-6.82
16.684,-3.89,-6.62,-7.52
16.7,-4.32,-5.84,-6.34
16.717,-4.02,-5.67,-6.54
16.734,-3.88,-5.41,-6.6
16.75,-4.54,-5.82,-6.47
16.767,-3.02,-5.93,-6.69
16.784,-4.19,-6.36,-6.65
16.8,-3.44,-6.69,-6.29
16.817,-3.46,-6.78,-6.52
16.834,-3.71,-6.73,-6.03
16.85,-3.16,-6.87,-6.79
16.867,-3.86,-6.29,-5.17
16.884,-3.7,-7.32,-6.31
16.9,-3.34,-7.14,-7.77
16.917,-4.15,-7.38,-6.97
16.934,-3.33,-6.56,-6.9
16.95,-3.75,-5.69,-5.85
16.967,-3.61,-6.04,-7.13
16.983,-3.64,-5.81,-6.19
17,-5.23,-6.95,-6.09
17.017,-2.88,-6.32,-7.59
17.034,-3.88,-6.37,-6.39
17.05,-4.18,-7.16,-6.45
17.067,-3.56,-6.14,-6.48
17.084,-3.81,-6.27,-6.2
17.1,-3.37,-6.08,-6.85
17.117,-3.84,-6.45,-6.8
17.134,-4.31,-6.94,-7.11
17.15,-3.91,-6.48,-7.18
17.167,-3.07,-6.58,-6.95
17.184,-4.71,-6.12,-7.09
17.2,-3.83,-5.67,-6.48
17.217,-3.63,-5.79,-5.86
17.234,-3.95,-5.81,-6.38
17.25,-3.99,-6.39,-7.16
17.267,-3.69,-6.02,-7.07
17.284,-4.55,-6.4,-5.97
17.3,-4.42,-6.94,-6.78
17.317,-2.96,-5.81,-6.38
17.333,-4.61,-7.57,-5.7
17.35,-3.01,-6.83,-7.45
17.367,-3.69,-7.33,-6.77
17.384,-3.16,-6.69,-5.89
17.4,-4.81,-7.14,-5.59
17.417,-4.54,-6.58,-6.77
17.434,-3.43,-5.61,-6.37
17.45,-3.58,-6.52,-6.25
17.467,-2.36,-6.24,-7.19
17.483,-3.18,-6.52,-7.29
17.5,-3.77,-7.06,-6.93
17.517,-3.29,-6.67,-6.73
17.534,-4.31,-7.15,-5.97
17.55,-3.59,-6.15,-6.22
17.567,-5.11,-6.36,-5.19
17.584,-4.74,-7.13,-6.14
17.6,-3.62,-6.62,-5.49
17.617,-4.37,-7.24,-5.72
17.633,-2.76,-6.58,-7.14
17.65,-3.82,-7.23,-6.35
17.667,-3.05,-6.87,-6.14
17.684,-1.9,-6.88,-6.23
17.7,-3.64,-8.05,-7.4
17.717,-3.24,-7.21,-5.95
17.734,-4.66,-7.41,-5.62
17.75,-2.37,-6.52,-7.03
17.766,-3,-6.74,-5.92
17.784,-3.94,-7.11,-5.74
17.8,-3.58,-6.81,-6
17.817,-3.06,-7.51,-5.57
17.834,-3.75,-7.25,-5.63
17.85,-4.3,-7.58,-5.94
17.867,-4.03,-7.56,-5.73
17.884,-3.83,-6.12,-5.8
17.9,-4.15,-7.03,-5.49
17.917,-2.61,-6.33,-7.04
17.934,-3.24,-6.7,-5.93
17.95,-4.19,-7.02,-5.8
17.967,-3.12,-6.82,-5.87
17.983,-3.22,-7.63,-6.05
18,-3.9,-7.35,-6.06
18.017,-4.02,-7.77,-5.71
18.034,-4.34,-7.77,-6.03
18.05,-3.37,-6.82,-5.57
18.067,-2.7,-7.27,-5.6
18.084,-3.57,-7.11,-6.74
18.1,-3.11,-6.93,-6.14
18.117,-3.58,-7.5,-5.51
18.134,-3.31,-7.38,-6.4
18.15,-4.43,-8.01,-6.9
18.167,-3.4,-7.45,-6.19
18.184,-4.6,-6.7,-5.85
18.2,-3.04,-6.15,-5.68
18.217,-3.16,-6.03,-5.64
18.234,-3.25,-6.01,-6.57
18.25,-2.89,-5.72,-5.84
18.267,-3.54,-5.88,-7.05
18.284,-3.45,-7.28,-6.09
18.3,-4.66,-8.01,-6.61
18.317,-4.34,-8.26,-6.85
18.334,-3.6,-7.1,-5.74
18.35,-4.86,-7.4,-5.67
18.367,-3.9,-6.64,-6.36
18.384,-3.86,-6.12,-5.16
18.4,-2.52,-6.82,-5.95
18.417,-1.72,-6.45,-7.26
18.434,-3.17,-8.14,-6.85
18.45,-3.31,-7.61,-6.86
18.467,-3.35,-7.33,-6.06
18.483,-4.35,-7.19,-5.9
18.5,-3.87,-6.22,-5.05
18.517,-4.59,-6.34,-5.33
18.534,-2.75,-4.68,-5.42
18.55,-4.12,-5.85,-5.75
18.567,-2.83,-6.64,-6.34
18.584,-2.99,-6.65,-6.52
18.6,-4.09,-7.52,-6.11
18.617,-2.63,-7.26,-6.68
18.634,-4.26,-8.26,-6.23
18.65,-3.79,-7.34,-5.74
18.667,-3.1,-6.32,-5.17
18.684,-3.44,-7,-5.36
18.7,-2.87,-6.15,-5.94
18.717,-3.21,-6.43,-6.08
18.734,-3.43,-7.07,-6.13
18.75,-2.23,-7.12,-6.71
18.767,-4.13,-7.64,-5.68
18.784,-3.33,-7.25,-6.07
18.8,-4.84,-8.79,-6.19
18.817,-4.06,-7.83,-6.62
18.834,-4.27,-6.77,-5.15
18.85,-4.85,-7.35,-4.91
18.867,-3.67,-7.2,-6.73
18.884,-3.36,-7.56,-5.75
18.9,-3.02,-7.43,-6.6
18.917,-3.03,-7.48,-6.79
18.934,-4.43,-8.2,-7.26
18.95,-3.53,-8.45,-4.57
18.967,-3.51,-7.43,-4.31
18.983,-3.62,-7.46,-5.41
19,-3.14,-6.69,-4.96
19.017,-3.74,-7.83,-5.56
19.034,-2.02,-6.94,-6.49
19.05,-2.97,-7.85,-6.48
19.067,-3.59,-8.31,-7.09
19.084,-3.26,-7.76,-6.83
19.1,-3.76,-7.62,-5.84
19.117,-4.04,-7.24,-5.54
19.134,-4.69,-7.76,-5.54
19.15,-3.59,-7.6,-6.42
19.167,-3.53,-6.88,-6.24
19.184,-4.1,-7.98,-6.52
19.2,-3.46,-8.45,-7.44
19.217,-3.75,-8.47,-6.49
19.234,-3.35,-8.52,-6.57
19.25,-3.51,-7.95,-4.87
19.267,-3.68,-7.58,-4.92
19.284,-3.17,-7.49,-5.77
19.3,-3.97,-7.14,-6.27
19.317,-3.29,-7.15,-6.94
19.334,-3.24,-6.88,-5.84
19.35,-4.23,-7.95,-5.02
19.367,-3.16,-7.21,-5.91
19.384,-3.49,-7.12,-5.61
19.4,-2.98,-6.89,-6.05
19.417,-3.51,-6.66,-5.3
19.434,-2.81,-6.59,-5.46
19.45,-2.81,-6.52,-5.15
19.467,-3.48,-6.99,-4.95
19.483,-2.98,-6.93,-5.62
19.5,-2.58,-6.57,-5.18
19.516,-2.89,-7.41,-5.21
19.534,-2.78,-7.62,-5.9
19.55,-3.55,-8.16,-6.41
19.567,-3.1,-8.51,-6.98
19.584,-3.83,-8.26,-7.25
19.6,-3.68,-8.06,-7.05
19.617,-3.65,-8.15,-6.83
19.634,-3.88,-7.67,-6.35
19.65,-3.16,-7.65,-6.05
19.667,-3.9,-7.46,-5.32
19.684,-3.1,-7.64,-4.97
19.7,-2.45,-7.84,-5.17
19.717,-2.94,-7.39,-4.54
19.734,-2.67,-7.54,-5.04
19.75,-2.28,-6.81,-5.27
19.767,-2.76,-6.77,-5.53
19.784,-2.45,-6.99,-5.54
19.8,-2.73,-7.22,-6.29
19.817,-2.23,-7.39,-7.21
19.834,-2.16,-7.62,-6.71
19.85,-3.45,-7.56,-5.91
19.867,-2.92,-7.63,-6.56
19.884,-3.33,-7.97,-5.13
19.9,-3.53,-7.72,-5.45
19.917,-3.48,-7.48,-5.38
19.934,-3.31,-7.54,-5.15
19.95,-2.31,-7.09,-6.43
19.967,-3.28,-7.03,-5.72
19.983,-3.15,-7.48,-6.18
20,-2.18,-7.81,-6.25
20.017,-3.84,-8.07,-5.92
20.034,-2.96,-7.81,-6.27
20.05,-3.37,-7.28,-4.83
20.067,-3.24,-7.38,-5.01
20.084,-2.8,-7.24,-5.63
20.1,-2.82,-7.03,-5.1
20.117,-2.33,-6.84,-5.63
20.134,-3.19,-6.98,-6.21
20.15,-2.82,-7.35,-6.26
20.167,-2.92,-7.47,-6.05
20.184,-3.33,-6.82,-5.7
20.2,-3.37,-7.23,-5.55
20.217,-3.78,-7.45,-5.09
20.234,-2.55,-7.38,-6.39
20.25,-2.55,-7.53,-7.13
20.267,-3.51,-7.4,-6.2
20.284,-3.11,-7.56,-6.14
20.3,-4.03,-7.44,-5.63
20.317,-2.94,-7.49,-6.25
20.334,-2.84,-7.9,-5.52
20.35,-2.73,-7.81,-5.32
20.367,-2.33,-7.35,-6.61
20.384,-2.59,-7.63,-5.32
20.4,-2.54,-7.41,-5.88
20.417,-1.31,-6.61,-6.62
20.434,-3.16,-7.38,-4.94
20.45,-2.75,-7.63,-5.92
20.467,-2.85,-7.29,-6.3
20.483,-3.56,-7.18,-5.61
20.5,-2.52,-7.1,-5.77
20.517,-4.04,-7.18,-5.3
20.534,-3.47,-7.27,-5.99
20.55,-3.53,-7.09,-4.58
20.567,-3.51,-7.83,-5.64
20.584,-3.01,-7.65,-6.4
20.6,-3.74,-7.66,-5.55
20.617,-2.3,-7.63,-5.5
20.634,-2.17,-7.23,-5.62
20.65,-2.27,-7.03,-6.52
20.667,-2.09,-6.63,-5.5
20.683,-2.9,-6.59,-5.59
20.7,-2.36,-7.21,-6.77
20.717,-2.88,-7.03,-5.68
20.734,-3.79,-7.62,-5.2
20.75,-2.67,-7.42,-5.47
20.767,-3.75,-7.8,-5.33
20.784,-3.54,-7.64,-6.19
20.8,-3.41,-7.19,-5.05
20.817,-3.85,-7.75,-5.63
20.834,-2.95,-7.86,-6.04
20.85,-4.01,-8.07,-5.62
20.867,-3.33,-7.81,-6.18
20.884,-3.04,-7.57,-5.46
20.9,-3.46,-7.9,-5.34
20.917,-2.8,-7.38,-5.76
20.934,-2.73,-7.06,-5.07
20.95,-2.34,-7.23,-5.76
20.967,-1.97,-6.55,-6.08
20.984,-2.94,-6.94,-5.69
21,-2.46,-6.67,-5.71
21.017,-3.8,-7.11,-5.53
21.034,-3.51,-7.9,-6.04
21.05,-2.84,-7.4,-5.74
21.067,-3.98,-7.36,-5.69
21.084,-4.63,-8.09,-5.51
21.1,-3.73,-7.39,-5.55
21.117,-3.72,-7.98,-5.85
21.134,-3.24,-7.12,-4.85
21.154,-3.83,-6.77,-4.65
21.173,-3.78,-7.77,-5.23
21.189,-4,-8.16,-5.59
21.206,-3.51,-8.35,-5.93
21.223,-3,-7.81,-5.84
21.239,-2.63,-7.16,-5.18
21.255,-2.75,-7.45,-5.4
21.272,-2.72,-7.13,-5.55
21.289,-2.64,-7.39,-6.03
21.306,-2.91,-7.15,-5.68
21.322,-3.31,-7.31,-5.45
21.339,-3.11,-7.27,-5.81
21.356,-4.25,-7.36,-5.58
21.372,-3.84,-7.44,-5.4
21.39,-4.14,-7.34,-5
21.405,-4.59,-7.6,-4.21
21.423,-3.94,-7.89,-4.68
21.439,-4.28,-8.46,-4.8
21.456,-3.52,-8.26,-5.6
21.473,-2.55,-7.38,-5.41
21.489,-3.85,-7.78,-5.22
21.505,-2.68,-7.41,-5.13
21.522,-4.62,-8.05,-5.27
21.538,-2.62,-7.3,-5.19
21.556,-4.36,-7.79,-4.65
21.572,-4.02,-7.68,-5.01
21.589,-3.75,-7.64,-5.13
21.606,-2.67,-6.76,-5.59
21.622,-3.63,-6.83,-4.44
21.639,-3.49,-6.81,-4.81
21.656,-4.06,-7.02,-4.29
21.672,-3.88,-7.09,-4.44
21.689,-4.08,-7.19,-4.04
21.705,-3.88,-7.54,-4.72
21.722,-3.27,-7.27,-4.89
21.739,-3.68,-7.7,-5.54
21.755,-3.54,-7.48,-5
21.772,-4.64,-7.99,-5.44
21.788,-4,-7.71,-5.75
21.805,-4.76,-8.14,-5.65
21.822,-4.03,-8.25,-5.89
21.838,-4.02,-8.01,-5.12
21.855,-3.01,-7.26,-5.06
21.872,-3.94,-6.92,-4.15
21.889,-2.98,-6.53,-4.6
21.905,-4.24,-6.75,-4.56
21.922,-3.66,-7.55,-4.74
21.938,-4.16,-7.61,-4.41
21.955,-3.67,-7.58,-4.98
21.972,-4.53,-7.43,-4.5
21.988,-3.66,-7.18,-5.69
22.005,-3.76,-6.82,-5.2
22.022,-3.04,-7.12,-5.54
22.038,-4.72,-7.61,-5.05
22.055,-4.25,-8.16,-6.08
22.072,-4.09,-8.31,-6.13
22.088,-3.98,-8.69,-6.6
22.105,-3.03,-7.88,-6.4
22.122,-2.98,-7.42,-5.77
22.138,-2.91,-6.81,-4.68
22.155,-4.24,-7.16,-4.16
22.172,-2.83,-6.83,-4.59
22.188,-3.89,-7.26,-4.73
22.204,-3.31,-7.64,-5.45
22.222,-2.86,-6.96,-5.9
22.238,-3.4,-7.52,-5.73
22.253,-3.21,-6.5,-4.66
22.271,-4.04,-6.91,-4.76
22.289,-3.84,-7.54,-4.87
22.304,-4.5,-7.8,-5.2
22.321,-3.45,-7.64,-6.12
22.338,-4.09,-7.75,-5.76
22.354,-2.42,-7.67,-6.62
22.371,-3.1,-7.23,-5.28
22.388,-2.03,-6.87,-5.46
22.404,-2.92,-6.73,-4.42
22.421,-3,-7.01,-5.31
22.437,-3.12,-6.82,-4.86
22.455,-3.95,-7.1,-5.33
22.471,-2.44,-6.36,-5.67
22.488,-4.23,-7.05,-5.14
22.504,-3.42,-7.5,-5.71
22.521,-4.47,-8.1,-5.51
22.537,-4.18,-7.94,-5.31
22.555,-2.96,-7.56,-4.9
22.571,-3.35,-7.89,-5.49
22.588,-2.29,-7.37,-5.3
22.604,-3.99,-7.3,-4.58
22.62,-2.86,-7.35,-4.7
22.638,-3.81,-7.71,-5.71
22.654,-3.94,-8.15,-5.53
22.671,-4.15,-8,-5.22
22.687,-3.53,-7.9,-5.57
22.704,-3.42,-7.45,-4.97
22.721,-4.4,-7.86,-5
22.738,-2.81,-6.86,-5.41
22.754,-4.16,-6.78,-4.78
22.771,-2.68,-6.47,-5.05
22.786,-4.99,-6.88,-4.37
22.804,-3.78,-7.45,-5.02
22.82,-4.58,-7.64,-4.42
22.837,-4.18,-7.91,-4.36
22.853,-3.16,-7.74,-4.91
22.871,-3.86,-7.65,-4.87
22.887,-2.2,-7.2,-5.45
22.904,-4.04,-7.67,-5.35
22.921,-2.96,-7.27,-5.57
22.937,-4.43,-7.72,-5.58
22.954,-3.68,-7.71,-5.83
22.971,-4.67,-8.28,-5.28
22.987,-3.31,-7.7,-5.95
23.003,-4.7,-7.4,-4.89
23.021,-3.34,-7.87,-5.06
23.037,-4.76,-7.31,-4.6
23.053,-4.26,-7.31,-4.41
23.07,-4.49,-6.38,-5.56
23.087,-3.93,-6.18,-5.1
23.104,-3.84,-6.92,-5.03
23.121,-4.72,-7.55,-5.07
23.137,-4.57,-7.08,-4.34
23.154,-4.21,-7.37,-4.47
23.171,-4.26,-7.66,-4.79
23.187,-3.86,-8.23,-5.55
23.203,-4.11,-8.11,-5.51
23.22,-3.33,-7.61,-5.28
23.237,-2.92,-6.82,-5.17
23.253,-3.12,-7.3,-5.12
23.269,-4.29,-7.6,-4.94
23.287,-4.5,-7.76,-5.5
23.304,-4.85,-7.61,-5.71
23.321,-4.1,-6.83,-6.09
23.336,-3.37,-6.22,-5.4
23.353,-4.03,-6.74,-4.76
23.37,-3.86,-7.23,-4.39
23.387,-4.29,-7.65,-4.71
23.403,-4.21,-7.11,-4.88
23.42,-4.3,-7.05,-4.77
23.436,-3.98,-7.09,-5.08
23.453,-4.2,-7.64,-5.14
23.47,-2.81,-6.84,-5.92
23.486,-3.76,-7.13,-6.09
23.503,-3.97,-6.73,-5.73
23.519,-4.7,-7.51,-4.84
23.537,-3.45,-7.62,-5.73
23.553,-4.77,-7.97,-4.63
23.569,-3.01,-7.18,-5.5
23.586,-4.71,-7.61,-5.7
23.603,-3.34,-6.57,-6.17
23.62,-4.61,-6.76,-5.92
23.636,-3.77,-6.42,-5.23
23.653,-4.58,-6.5,-4.89
23.669,-4.22,-7.54,-4.85
23.687,-4.21,-7.69,-4.81
23.702,-3.82,-7.35,-4.97
23.72,-4.27,-7.6,-5.32
23.737,-3.34,-7.02,-5.03
23.754,-4.45,-7.37,-4.72
23.769,-3.7,-7.59,-5.1
23.786,-3.89,-7.68,-5.36
23.803,-3.36,-7.43,-5.88
23.819,-3.43,-6.87,-5.79
23.836,-3.31,-6.38,-4.99
23.853,-4.26,-7.02,-4.96
23.869,-4.24,-7.44,-5.24
23.886,-3.99,-7.31,-5.77
23.902,-4.44,-7.25,-5.46
23.919,-4.79,-7.85,-5.97
23.936,-4.59,-7.94,-5.74
23.952,-4.66,-8,-6.06
23.969,-4.33,-8.06,-5.14
23.986,-3.91,-8.04,-5.41
24.003,-4.25,-7.66,-4.79
24.019,-3.35,-6.85,-4.57
24.036,-4.81,-7.75,-4.76
24.053,-4.89,-8.43,-5.2
24.069,-5.19,-9.12,-5.89
24.086,-3.43,-8.66,-5.79
24.103,-3.8,-7.73,-4.53
24.119,-3.28,-6.01,-4.49
24.136,-4.04,-6.06,-4.95
24.153,-3.75,-7.66,-6.58
24.169,-4.54,-8.18,-6.5
24.186,-4.28,-8.51,-6.97
24.203,-5.2,-8.63,-6.52
24.219,-4.57,-8.64,-7.21
24.236,-5.06,-8.06,-6.7
24.252,-4.79,-7.63,-5.55
24.268,-5.98,-6.7,-3.68
24.285,-4.53,-5.9,-3.35
24.302,-4.96,-7.38,-4.38
24.319,-5.14,-7.41,-4.64
24.336,-4.75,-8.12,-5.83
24.352,-4.22,-9.46,-8.01
24.369,-4.77,-9.51,-6.86
24.386,-4.01,-8.54,-6.51
24.402,-6.06,-7.51,-4.31
24.418,-5.43,-6.5,-3.96
24.436,-5.62,-6.83,-4.86
24.452,-4.84,-7.55,-5.51
24.469,-5.92,-7.95,-4.84
24.485,-3.91,-7.64,-5.85
24.502,-5.07,-7.65,-5.86
24.519,-4.93,-7.12,-4.45
24.535,-5.53,-7.18,-4.7
24.552,-5.22,-6.99,-4.56
24.569,-6.91,-7.35,-3.82
24.585,-5.61,-7.34,-4.5
24.601,-5.97,-7.58,-4.54
24.618,-5.06,-6.99,-4.26
24.636,-4.72,-7.35,-5.63
24.652,-3.5,-6.9,-5.76
24.668,-4.87,-7.02,-4.53
24.685,-3.87,-6.64,-4.9
24.702,-5.54,-7.38,-4.79
24.719,-4.41,-6.54,-5.19
24.735,-4.47,-7.14,-5.3
24.752,-4.17,-7,-4.7
24.768,-4.47,-7.83,-5.34
24.784,-3.2,-7.39,-5.8
24.801,-5,-8.16,-5.51
24.818,-4.22,-7.39,-5.44
24.834,-4.51,-7.28,-5.11
24.851,-4.05,-6.78,-5.9
24.868,-5.36,-7.24,-5.83
24.885,-3.52,-6.77,-6.04
24.902,-4.87,-7.35,-6.24
24.919,-3.91,-6.94,-6.15
24.935,-3.57,-7.08,-5.03
24.951,-3.74,-7.22,-4.92
24.968,-4.81,-7.73,-5.12
24.984,-3.11,-7.03,-5.47
25.002,-4.39,-7.31,-5.02
25.018,-3.57,-6.67,-5.35
25.034,-3.24,-7.05,-4.65
25.052,-2.42,-6.91,-5.35
25.068,-3.8,-7.53,-5.34
25.085,-3.37,-7.45,-5.16
25.101,-3.74,-7.34,-5.53
25.117,-4.45,-7.33,-5.67
25.134,-4.16,-7.69,-5.61
25.15,-3.67,-7.61,-5.71
25.168,-4.29,-7.84,-5.63
25.184,-4.59,-7.93,-5.96
25.201,-3.96,-7.21,-5.29
25.218,-5.18,-7.22,-5.51
25.234,-3.94,-7.12,-5.49
25.251,-4.32,-6.73,-5.19
25.267,-4.16,-6.66,-5.76
25.284,-4.73,-6.98,-5.44
25.3,-3.27,-6.8,-5.14
25.317,-3.9,-7.02,-5.53
25.335,-3.38,-7.22,-5.86
25.351,-4.36,-7.73,-5.5
25.368,-3.35,-7.22,-6.25
25.384,-5.34,-7.78,-5.62
25.401,-4.06,-7.13,-5.63
25.418,-4.79,-7.28,-4.81
25.434,-3.3,-6.98,-5.63
25.451,-4.86,-7.79,-5.59
25.468,-3.19,-7.35,-5.51
25.484,-4.24,-7.23,-5.12
25.501,-2.86,-6.91,-5.97
25.517,-3.86,-7.05,-5.55
25.535,-3.01,-7.15,-5.45
25.551,-3.55,-7.47,-4.9
25.567,-3.77,-7.41,-5.14
25.584,-3.77,-7.29,-4.74
25.601,-3.53,-6.54,-5.04
25.617,-4.42,-7.3,-5.21
25.634,-4.99,-7.8,-5.92
25.651,-3.59,-7.19,-5.92
25.667,-3.68,-7.45,-6.23
25.684,-2.98,-6.79,-6.91
25.7,-4.1,-6.82,-4.44
25.717,-3.25,-6.29,-5.02
25.734,-4.52,-7.08,-4.35
25.75,-4.15,-7.82,-5.26
25.768,-4.15,-8.13,-5.45
25.784,-2.71,-6.99,-6.3
25.8,-4,-7.42,-5.73
25.817,-3.15,-6.8,-5.61
25.834,-3.67,-7.03,-4.83
25.851,-3.34,-7.04,-5.44
25.867,-4.01,-7.6,-4.5
25.884,-2.73,-7.3,-6.01
25.9,-3.94,-7.65,-5.44
25.917,-3.74,-7.51,-5.68
25.934,-3.98,-7.01,-5.08
25.95,-2.93,-6.49,-5.37
25.967,-4.1,-7.25,-4.96
25.984,-4.06,-7.7,-5.85
26,-3.55,-7.91,-6.23
26.017,-4.65,-8.32,-6.38
26.034,-3.52,-7.54,-6.51
26.05,-4.21,-7.03,-5.47
26.067,-3.16,-6.58,-5.46
26.084,-4.13,-6.84,-4.76
26.1,-2.85,-6.45,-4.96
26.117,-3.77,-6.83,-4.77
26.134,-3.4,-6.78,-5.29
26.15,-3.96,-7.32,-5.03
26.167,-3.62,-7.56,-5.71
26.184,-4.38,-7.77,-4.79
26.2,-4.68,-7.87,-5.33
26.217,-3.9,-7.39,-4.73
26.234,-3.55,-7.34,-5.21
26.25,-4.45,-7.58,-4.99
26.267,-4.42,-7.57,-5.15
26.284,-4.4,-7.52,-4.96
26.3,-5.16,-7.81,-5.5
26.317,-4.86,-7.64,-4.73
26.334,-5.2,-7.7,-5.28
26.35,-3.61,-7.35,-5.86
26.367,-5.35,-7.3,-4.55
26.384,-4.47,-7.42,-4.63
26.4,-3.66,-7.42,-5.19
26.417,-3.27,-7.33,-5.59
26.434,-4.85,-7.84,-5.58
26.45,-4.33,-7.39,-5.65
26.467,-4.37,-7.15,-3.93
26.483,-3.41,-6.97,-4.87
26.5,-4.44,-6.79,-3.72
26.517,-4.46,-7.17,-4.41
26.534,-4.01,-7.41,-4.67
26.55,-6.05,-7.86,-4.52
26.567,-5.01,-7.94,-5.01
26.584,-5.17,-8.17,-5.47
26.6,-3.51,-8.01,-5.48
26.617,-5.31,-7.64,-3.85
26.634,-4.03,-7.34,-3.88
26.65,-3.78,-7.18,-4.88
26.667,-3.25,-7.06,-4.96
26.684,-4.77,-7.53,-5.34
26.7,-3.65,-7.19,-5.42
26.717,-4.01,-7.14,-5.39
26.734,-3.21,-7.05,-5.75
26.75,-4.87,-7.64,-4.61
26.767,-4.39,-7.69,-5.1
26.784,-4.55,-7.68,-4.89
26.8,-5.55,-8.04,-4.92
26.817,-4.69,-8.09,-5.12
26.834,-4.91,-7.83,-5
26.85,-3.44,-7.14,-5.22
26.867,-4.75,-7.4,-4.9
26.884,-3.82,-7.31,-4.6
26.9,-3.97,-7.2,-5.26
26.917,-2.43,-7.01,-5.56
26.933,-4.3,-7.52,-4.61
26.95,-4.39,-7.36,-5.37
26.967,-4.24,-7.08,-4.74
26.984,-3.43,-7.06,-5.28
26.999,-4.34,-7.3,-4.62
27.017,-5.36,-7.22,-4.96
27.034,-3.61,-7.14,-5.8
27.05,-4.24,-7.53,-5.59
27.066,-4.42,-7.41,-5.53
27.084,-4.64,-7.79,-4.84
27.1,-4.23,-7.61,-5.43
27.117,-4.37,-7.62,-4.5
27.134,-5.09,-7.94,-4.49
27.15,-3.84,-7.19,-4.28
27.167,-5.23,-7.45,-4.43
27.184,-2.79,-6.7,-5.26
27.2,-4.14,-7.31,-5.23
27.217,-4.12,-7.21,-5.55
27.234,-4.08,-7.36,-5.26
27.25,-4.6,-7.61,-5.93
27.267,-4.39,-7.84,-5.14
27.284,-4.85,-7.65,-5.36
27.3,-4.16,-7.87,-4.82
27.317,-5.11,-7.97,-4.84
27.333,-3.99,-7.15,-5.15
27.35,-4.91,-7.72,-4.47
27.367,-3.08,-7.23,-5.23
27.384,-4.68,-7.54,-4.02
27.399,-4.35,-7.8,-5.31
27.417,-4.42,-7.62,-4.49
27.434,-4.13,-7.77,-5.41
27.45,-3.65,-7,-5.33
27.467,-4.98,-7.52,-5.13
27.484,-4.07,-7.16,-5.6
27.5,-3.78,-7.11,-5
27.517,-3.11,-6.98,-5.16
27.534,-4.47,-7.43,-4.51
27.55,-4.58,-7.83,-5.61
27.566,-3.95,-7.45,-5.15
27.584,-4.21,-7.64,-4.99
27.6,-3.74,-7.39,-5.67
27.617,-4.26,-7.27,-4.7
27.634,-4.97,-7.38,-4.99
27.65,-5.25,-7.51,-3.85
27.667,-5.08,-7.27,-4.91
27.684,-3.87,-7.01,-4.96
27.7,-4.04,-7.2,-5.27
27.716,-4.16,-7.54,-4.94
27.734,-5.04,-7.78,-4.32
27.75,-5.2,-7.86,-4.83
27.767,-4.72,-7.74,-4.21
27.784,-3.92,-7.64,-4.89
27.8,-3.43,-7.02,-5.11
27.817,-4.33,-7.76,-4.82
27.834,-5.82,-7.74,-4.69
27.85,-4.62,-7.7,-4.27
27.867,-5.97,-7.74,-4.57
27.884,-2.95,-7.17,-5.06
27.9,-4.77,-7.34,-4.42
27.917,-2.94,-6.77,-4.83
27.933,-4.95,-6.97,-3.31
27.949,-5.39,-7.57,-5.39
27.967,-2.63,-6.95,-5.86
27.984,-4.86,-7.69,-5.27
27.999,-3.17,-7.31,-5.93
28.017,-5.01,-7.72,-3.72
28.034,-5.75,-8.29,-5.49
28.05,-4.86,-7.94,-3.64
28.067,-4.89,-8.27,-4.65
28.084,-2.99,-7.82,-5.63
28.1,-3.99,-7.77,-4.54
28.117,-5.76,-8.06,-4.61
28.134,-4.41,-7.53,-3.76
28.15,-5.81,-7.73,-4.47
28.167,-3,-7.07,-5
28.184,-3.59,-6.95,-4.84
28.2,-3.42,-7.09,-5
28.217,-5.17,-7.27,-3.84
28.234,-5.35,-7.28,-4.79
28.25,-5.48,-7.12,-3.78
28.267,-4,-6.87,-5.2
28.284,-3.35,-7.12,-5.34
28.3,-5.06,-7.52,-5.04
28.317,-4.85,-8.01,-5.74
28.334,-4.15,-7.9,-4.79
28.35,-4.81,-8.33,-5.43
28.367,-5.22,-8.43,-4.92
28.384,-4.46,-8.17,-4.75
28.4,-4.37,-7.79,-4.24
28.416,-4.08,-7.32,-3.82
28.434,-4.17,-7.95,-5.79
28.45,-3.16,-6.89,-4.57
28.467,-4.97,-6.92,-4.03
28.484,-4.85,-7.13,-5.04
28.5,-4.7,-7.1,-4.46
28.517,-3.29,-6.85,-5.18
28.534,-3.28,-6.81,-4.51
28.55,-3.63,-7.75,-5.62
28.567,-4.51,-8.09,-5.4
28.584,-4.76,-7.96,-4.01
28.6,-5.71,-8.17,-4.78
28.617,-4.66,-7.91,-4.89
28.634,-5.14,-8.22,-4.74
28.65,-4.64,-7.35,-4.38
28.667,-4.06,-6.98,-3.76
28.684,-4.82,-7.55,-5.42
28.7,-3.53,-7.57,-5.44
28.717,-5.49,-7.84,-4.77
28.734,-5,-7.67,-5.16
28.75,-5.2,-7.49,-3.84
28.767,-4.95,-7.55,-4.94
28.784,-3.75,-7.45,-4.92
28.8,-4.58,-7.18,-4.72
28.817,-4.88,-7.32,-4.73
28.834,-4.57,-6.8,-3.92
28.85,-4.75,-7.78,-5.47
28.867,-4.2,-7.64,-5.66
28.884,-5.31,-8.22,-4.2
28.9,-4.86,-8.01,-4.56
28.917,-4.13,-7.47,-3.58
28.933,-4.65,-7.29,-4.62
28.95,-5.09,-7.36,-4.76
28.967,-5.03,-7.67,-4.13
28.984,-4.81,-8.1,-5.57
29,-3.89,-7.75,-4.66
29.017,-4.23,-7.63,-5.38
29.034,-4.15,-7.38,-4.74
29.05,-4.22,-7.18,-3.25
29.067,-4.5,-7.4,-4.68
29.084,-4.13,-6.93,-3.18
29.1,-4.84,-7.33,-4.68
29.117,-4.99,-7.9,-5.24
29.134,-4.59,-8.31,-3.46
29.15,-4.54,-7.99,-4.46
29.167,-5.55,-7.69,-4.31
29.184,-4.8,-7.74,-5
29.2,-4.85,-7.91,-5.53
29.217,-3.32,-7.13,-5.29
29.234,-4.44,-7.69,-5.49
29.25,-4.95,-7.51,-5.18
29.267,-3.45,-7.56,-4.44
29.284,-5.37,-7.68,-5.42
29.3,-3.93,-7.06,-4.56
29.317,-4.46,-7.36,-5.03
29.333,-3.74,-7.24,-4.28
29.35,-3.31,-7.68,-3.98
29.367,-5.37,-7.83,-5.48
29.384,-3.36,-7.82,-4.45
29.4,-3.94,-7.76,-4.98
29.417,-4.49,-7.42,-5.49
29.434,-3.41,-7.42,-5.47
29.45,-4.53,-7.51,-5.91
29.467,-2.92,-7.14,-5.52
29.484,-3.23,-7.24,-6.31
29.5,-4.44,-7.75,-6.28
29.517,-2.14,-7.34,-5.93
29.534,-4.16,-7.76,-6.88
29.55,-2.4,-6.92,-5.91
29.567,-2.91,-6.76,-6.39
29.584,-2.89,-6.93,-5.67
29.6,-2.22,-7.11,-5.36
29.617,-4.35,-7.14,-6.12
29.634,-2.5,-7.26,-5.08
29.65,-3,-6.97,-5.87
29.667,-3.71,-7.39,-5.99
29.684,-2.46,-7.07,-5.7
29.7,-3.38,-7.35,-6.59
29.717,-2.32,-7.14,-5.85
29.734,-3.18,-7.08,-6.19
29.75,-4.03,-7.49,-6.35
29.767,-3.18,-7.62,-5.2
29.784,-4.14,-7.68,-6.52
29.8,-2.6,-7.36,-5.77
29.817,-3.44,-7.04,-5.45
29.834,-3.29,-7.02,-5.31
29.85,-3.56,-7.43,-4.93
29.867,-4.48,-7.68,-6.16
29.884,-3.56,-7.54,-5
29.9,-3.64,-7.31,-5.08
29.917,-4.05,-7.16,-5.63
29.934,-2.93,-7.55,-4.9
29.95,-4.34,-7.69,-5.99
29.967,-2.74,-7.43,-5.39
29.984,-3.65,-7.8,-5.23
30,-3.79,-7.39,-6.07
30.017,-3.24,-7.59,-5.28
30.034,-3.57,-7.27,-6.02
30.05,-2.54,-6.92,-5.77
30.067,-3.17,-6.88,-5.92
30.084,-3.81,-7.44,-6.33
30.1,-3.14,-7.67,-5.32
30.117,-4.08,-7.69,-6.62
30.134,-2.72,-6.77,-5.92
30.15,-3.33,-7.13,-5.44
30.167,-3.21,-6.98,-5.83
30.184,-3.06,-7.76,-5.11
30.2,-4.16,-7.73,-6.27
30.217,-2.87,-7.6,-5.07
30.234,-3.52,-7.44,-5.16
30.25,-4.1,-7.24,-5.95
30.267,-3.4,-7.46,-5.07
30.284,-4.15,-7.45,-5.97
30.3,-2.6,-7.21,-5.41
30.317,-3.47,-7.13,-5.66
30.334,-4.12,-7.3,-6.13
30.35,-3.31,-7.68,-5.08
30.367,-4.22,-7.61,-6.51
30.384,-2.75,-6.93,-5.84
30.4,-3.31,-7.13,-5.5
30.417,-3.03,-7.06,-5.86
30.434,-3.22,-7.61,-5.34
30.45,-4.1,-7.78,-6.38
30.466,-2.85,-7.54,-5.22
30.484,-3.45,-7.39,-5.31
30.5,-3.73,-7.17,-5.88
30.517,-3.44,-7.33,-5.17
30.533,-3.97,-7.54,-6.05
30.55,-2.48,-7.31,-5.37
30.567,-3.62,-7.09,-5.65
30.584,-4.11,-7.35,-6.05
30.6,-3.5,-7.67,-4.93
30.617,-4.09,-7.54,-6.42
30.634,-2.75,-6.95,-5.76
30.65,-3.29,-7.01,-5.5
30.667,-3.24,-7.02,-5.78
30.683,-3.2,-7.89,-5.18
30.7,-4.34,-7.58,-6.33
30.717,-3.39,-7.85,-5.19
30.734,-3.5,-7.27,-5.33
30.75,-3.2,-6.9,-6.06
30.767,-3.22,-7.2,-5.36
30.784,-4.17,-7.51,-6.01
30.8,-3.08,-7.5,-5.53
30.817,-3.75,-7.21,-5.59
30.834,-3.03,-6.99,-6.27
30.85,-3.6,-7.62,-5.05
30.867,-3.4,-7.16,-6.48
30.884,-2.84,-7.05,-5.9
30.9,-3.76,-7.2,-5.28
30.917,-3.3,-7.24,-6.34
30.933,-3.8,-7.97,-4.93
30.95,-3.69,-7.52,-6.36
30.966,-2.66,-6.72,-6.19
30.984,-4.03,-7.34,-4.98
31,-2.63,-6.74,-6.17
31.017,-3.64,-7.8,-5.13
31.034,-4.04,-7.66,-6.15
31.05,-3.45,-7.7,-5.52
31.067,-4.03,-7.63,-4.73
31.083,-3.01,-6.99,-5.9
31.1,-3.74,-7.46,-4.72
31.117,-4.24,-7.61,-6.06
31.134,-3.13,-7.17,-5.47
31.15,-3.61,-7.32,-5.88
31.167,-3.65,-7.49,-5.92
31.184,-3.43,-7.95,-4.63
31.2,-4.22,-7.7,-6.01
31.217,-3.62,-6.9,-5.98
31.234,-3.05,-7.21,-5.86
31.25,-3.47,-7,-6.12
31.267,-2.79,-7.77,-5.61
31.283,-3.92,-7.65,-6.19
31.3,-2.98,-7.75,-4.95
31.317,-3.43,-7.52,-5.14
31.334,-3.93,-7.06,-5.75
31.35,-3.57,-7.43,-5.37
31.367,-3.77,-7.34,-5.74
31.384,-2.55,-7.26,-5.53
31.4,-3.43,-7.09,-5.74
31.417,-3.88,-7.4,-5.85
31.433,-3.25,-7.75,-5.33
31.45,-4.09,-7.61,-6.45
31.467,-2.89,-6.9,-5.87
31.484,-3.6,-7.11,-5.75
31.5,-3.41,-6.97,-5.7
31.517,-3.02,-7.61,-5.29
31.534,-4.04,-7.7,-6.21
31.55,-2.82,-7.47,-5.35
31.566,-3.61,-7.48,-5.56
31.583,-3.85,-7.17,-5.78
31.6,-3.44,-7.54,-5.26
31.617,-3.96,-7.48,-5.78
31.633,-2.62,-7.29,-5.07
31.65,-3.36,-7.24,-5.71
31.667,-4.01,-7.46,-5.99
31.684,-3.23,-7.77,-5.23
31.7,-4.19,-7.64,-6.45
31.717,-2.92,-6.87,-5.79
31.733,-3.51,-7.16,-5.69
31.75,-3.43,-6.96,-5.87
31.767,-3.15,-7.55,-5.28
31.784,-3.98,-7.61,-6.33
31.8,-2.88,-7.36,-5.27
31.817,-3.62,-7.62,-5.41
31.834,-3.94,-7.18,-5.83
31.85,-3.3,-7.57,-5.29
31.867,-3.75,-7.43,-5.83
31.884,-2.61,-7.1,-5.46
31.9,-3.49,-7.93,-5.18
31.917,-3.97,-7.48,-5.95
31.934,-3.24,-7.76,-5.27
31.95,-3.52,-7.07,-5.59
31.967,-3.01,-6.88,-5.87
31.984,-3.64,-7.36,-5.5
32,-3.73,-7.36,-5.86
32.017,-3.09,-7.57,-5.16
32.034,-3.85,-7.64,-6.05
32.05,-3.56,-7.07,-6.19
32.067,-3.68,-7.78,-5.38
32.084,-3.91,-7.25,-5.95
32.1,-3.02,-7.18,-5.31
32.117,-3.61,-7.31,-5.83
32.134,-2.78,-7.05,-5.56
32.15,-3.59,-7.97,-5.22
32.167,-3.85,-7.37,-5.91
32.184,-3.35,-7.74,-5.31
32.2,-3.5,-7.1,-5.58
32.217,-3.07,-6.81,-5.96
32.233,-3.52,-7.39,-5.57
32.25,-3.56,-7.32,-5.77
32.267,-3.31,-7.62,-5.11
32.284,-3.94,-7.5,-5.83
32.3,-3.51,-7.03,-6.13
32.317,-3.54,-7.82,-5.76
32.333,-3.69,-7.22,-5.98
32.35,-3.19,-7.32,-5.27
32.366,-3.7,-7.24,-5.6
32.384,-2.94,-7.03,-5.42
32.4,-3.56,-8.02,-5.25
32.417,-3.7,-7.39,-6.03
32.434,-3.36,-7.9,-5
32.45,-3.07,-7.02,-4.46
32.467,-3.66,-7.01,-6.64
32.484,-3.17,-7.34,-5.92
32.5,-3.5,-7.1,-6.07
32.517,-3.51,-7.66,-5.45
32.534,-3.64,-7.42,-6.28
32.55,-3.53,-6.99,-5.95
32.566,-3.55,-7.88,-5.14
32.583,-3.86,-7.13,-5.87
32.6,-3.47,-7.45,-5.33
32.617,-3.28,-7.13,-6.09
32.634,-3.13,-7.12,-5.47
32.65,-3.64,-8.14,-5.34
32.667,-3.74,-7.25,-6.03
32.684,-3.42,-7.87,-5.3
32.7,-3.16,-6.96,-5.66
32.717,-3.2,-6.78,-5.66
32.734,-3.53,-8.01,-5.21
32.75,-3.78,-7.3,-5.88
32.767,-3.42,-7.76,-5.41
32.784,-3.97,-7.64,-6.03
32.8,-3.19,-6.84,-6.11
32.817,-3.69,-7.69,-5.27
32.834,-3.64,-7.3,-5.63
32.85,-3.25,-7.37,-5.62
32.867,-3.88,-7.53,-5.7
32.884,-3.15,-7.12,-6.4
32.9,-4.02,-8,-4.8
32.917,-3.33,-7.3,-6.08
32.934,-2.89,-6.93,-5.79
32.95,-3.03,-6.8,-5.4
32.966,-3.8,-7.38,-6.1
32.984,-4.2,-7.69,-5.19
33,-3.42,-7.43,-6.13
33.017,-4.28,-7.7,-4.89
33.033,-3.43,-7.26,-6.1
33.05,-2.84,-6.69,-5.77
33.067,-3.56,-7.51,-5.55
33.083,-3.5,-7.54,-6.5
33.1,-3.54,-7.42,-4.53
33.117,-3.8,-7.71,-6.38
33.134,-2.86,-7.16,-6.15
33.15,-4.04,-7.7,-4.92
33.167,-3.13,-7.3,-6.23
33.184,-2.94,-7.01,-5.47
33.2,-3.7,-7.26,-6.21
33.217,-3.09,-6.9,-5.29
33.234,-4.44,-7.76,-4.4
33.25,-3.57,-7.56,-6.19
33.267,-4.05,-7.76,-4.74
33.284,-3.65,-7.4,-5.79
